Event ID,PageViews,Visitors,Registrations,Checkins
11/15/2023,642,536,180,89
2/8/2023,540,428,157,81
6/14/2023,271,220,119,64
7/16/2025,226,185,57,48
2/21/2024,495,410,148,85
3/13/2024,364,310,119,72
4/10/2024,427,370,136,84
6/12/2024,463,403,128,65
7/10/2024,249,192,215,73
8/14/2024,295,232,90,44
10/9/2024,275,228,58,33
11/13/2024,238,204,59,38
1/8/2025,256,219,80,50
2/12/2025,330,270,79,46
3/12/2025,266,216,44,29
4/9/2025,311,246,54,33
5/14/2025,209,171,53,28
6/11/2025,394,314,72,49
